quote_id,question
1,What is the most surprising aspect of realizing your classmates are now in charge?
1,How does high school reflect on future leadership?
1,How does education shape future leaders?
1,What does this quote say about generational shifts in power?
2,Why does forgiving your enemies annoy them?
2,Is forgiveness a powerful form of retaliation?
2,How do people react when you forgive easily?
2,What are the effects of holding a grudge?
2,Can forgiveness be used as a strategy in conflicts?
3,Why do some paths remain less traveled?
3,What risks are associated with taking unconventional routes?
3,Is it always good to follow the road less traveled?
3,How do we determine the best path in life?
3,What are the consequences of going against the norm?
4,Why should you never go to bed mad?
4,What are the consequences of unresolved anger?
4,How can staying up help in resolving conflicts?
4,Does avoiding sleep while angry lead to solutions?
4,What role does communication play in solving problems before sleep?
5,Why should you be vague if you canâ€™t be kind?
5,What is the value of vague communication?
5,How does kindness or the lack of it affect relationships?
5,Can vagueness prevent conflicts?
5,How does this strategy affect interpersonal interactions?
6,Why do misers make great ancestors?
6,How does frugality benefit future generations?
6,What are the downsides of living with a miser?
6,How does hoarding wealth impact family dynamics?
6,Can being a miser lead to being respected later?
7,What does this say about mental health statistics?
7,How can we identify mental illness in ourselves?
7,What are the implications of widespread mental illness?
7,How do we help friends or family who are struggling?
7,What does this quote say about perception and reality?
8,What does this quote say about wealth and character?
8,Why might God give money to those we least expect?
8,How does wealth affect people's personalities?
8,What role does luck play in financial success?
8,Why do certain people seem unworthy of wealth?
9,Why is doing nothing difficult?
9,How do we know when a task is truly finished?
9,What makes inactivity so uncomfortable?
9,How does the human mind cope with idle time?
9,What are the psychological effects of doing nothing?
10,Why does looking intelligent help when in doubt?
10,What strategies do people use to hide uncertainty?
10,How does body language affect perception?
10,How can we convey confidence in uncertain situations?
10,What does this quote say about appearances vs. reality?
11,What does this say about the dynamic between men and women?
11,How does humor help in relationships?
11,What is the role of a partner in supporting success?
11,What are the common frustrations in partnerships?
11,How does eye-rolling reflect deeper emotions?
12,How does traveling with children compare to first class?
12,What challenges do parents face while traveling?
12,What are the differences in travel experiences with and without children?
12,Why is traveling with children such a distinct experience?
12,How can we make traveling with children easier?
